#{"t_start": 1636125114.7982643, "env_id": "Reacher-v2"}
r,l,t
-8.242299,5,2.809213
-5.0123,5,2.880557
