#{"t_start": 1636125114.8820164, "env_id": "Reacher-v2"}
r,l,t
-6.140758,5,2.725836
-7.847231,5,2.797262
