#{"t_start": 1636125307.1016812, "env_id": "Reacher-v2"}
r,l,t
-5.609317,5,2.366855
-6.916281,5,2.433928
