#{"t_start": 1636125307.183878, "env_id": "Reacher-v2"}
r,l,t
-6.2533,5,2.284996
-3.98269,5,2.352089
