{"initial_reset_timestamp": 1627355871.591815, "timestamps": [1627355878.6788533], "episode_lengths": [200], "episode_rewards": [-200.0], "episode_types": ["t"]}