{"initial_reset_timestamp": 1628696252.797829, "timestamps": [1628696259.7828658], "episode_lengths": [200], "episode_rewards": [-200.0], "episode_types": ["t"]}