{"initial_reset_timestamp": 1628133134.3650422, "timestamps": [1628133141.2576766], "episode_lengths": [200], "episode_rewards": [-200.0], "episode_types": ["t"]}